{
  "IcoMoonType": "selection",
  "icons": [
    {
      "icon": {
        "paths": [
          "M384 512c0-70.692 57.308-128 128-128s128 57.308 128 128c0 70.692-57.308 128-128 128s-128-57.308-128-128zM664.348 230.526c99.852 54.158 167.652 159.898 167.652 281.474s-67.8 227.316-167.652 281.474c44.066-70.126 71.652-170.27 71.652-281.474s-27.586-211.348-71.652-281.474zM288 512c0 111.204 27.584 211.348 71.652 281.474-99.852-54.16-167.652-159.898-167.652-281.474s67.8-227.314 167.652-281.474c-44.068 70.126-71.652 170.27-71.652 281.474zM96 512c0 171.9 54.404 326.184 140.652 431.722-142.302-90.948-236.652-250.314-236.652-431.722s94.35-340.774 236.652-431.722c-86.248 105.538-140.652 259.822-140.652 431.722zM787.352 80.28c142.298 90.946 236.648 250.312 236.648 431.72s-94.35 340.774-236.648 431.72c86.244-105.536 140.648-259.82 140.648-431.72s-54.404-326.184-140.648-431.72z"
        ],
        "tags": [
          "feed",
          "wave",
          "radio",
          "live",
          "broadcast"
        ],
        "defaultCode": 59677,
        "grid": 16,
        "attrs": []
      },
      "attrs": [],
      "properties": {
        "ligatures": "feed, wave",
        "name": "feed",
        "order": 163,
        "id": 30,
        "prevSize": 32,
        "code": 59677
      },
      "setIdx": 0,
      "setId": 1,
      "iconIdx": 29
    },
    {
      "icon": {
        "paths": [
          "M480 704c88.366 0 160-71.634 160-160v-384c0-88.366-71.634-160-160-160s-160 71.634-160 160v384c0 88.366 71.636 160 160 160zM704 448v96c0 123.71-100.29 224-224 224-123.712 0-224-100.29-224-224v-96h-64v96c0 148.238 112.004 270.3 256 286.22v129.78h-128v64h320v-64h-128v-129.78c143.994-15.92 256-137.982 256-286.22v-96h-64z"
        ],
        "tags": [
          "mic",
          "microphone",
          "voice",
          "audio"
        ],
        "defaultCode": 59678,
        "grid": 16,
        "attrs": []
      },
      "attrs": [],
      "properties": {
        "ligatures": "mic, microphone",
        "name": "mic",
        "order": 162,
        "id": 31,
        "prevSize": 32,
        "code": 59678
      },
      "setIdx": 0,
      "setId": 1,
      "iconIdx": 30
    },
    {
      "icon": {
        "width": 1088,
        "paths": [
          "M1024 960v-64h-64v-384h64v-64h-192v64h64v384h-192v-384h64v-64h-192v64h64v384h-192v-384h64v-64h-192v64h64v384h-192v-384h64v-64h-192v64h64v384h-64v64h-64v64h1088v-64h-64z",
          "M512 0h64l512 320v64h-1088v-64l512-320z"
        ],
        "tags": [
          "library",
          "bank",
          "building"
        ],
        "defaultCode": 59681,
        "grid": 16,
        "attrs": []
      },
      "attrs": [],
      "properties": {
        "ligatures": "library2, bank",
        "name": "library",
        "order": 155,
        "id": 34,
        "prevSize": 32,
        "code": 59681
      },
      "setIdx": 0,
      "setId": 1,
      "iconIdx": 33
    },
    {
      "icon": {
        "paths": [
          "M864 0h-768c-52.8 0-96 43.2-96 96v832c0 52.8 43.2 96 96 96h768c52.8 0 96-43.2 96-96v-832c0-52.8-43.2-96-96-96zM832 896h-704v-768h704v768zM256 448h448v64h-448zM256 576h448v64h-448zM256 704h448v64h-448zM256 320h448v64h-448z"
        ],
        "tags": [
          "file-text",
          "file",
          "document",
          "list",
          "paper"
        ],
        "defaultCode": 59682,
        "grid": 16,
        "attrs": []
      },
      "attrs": [],
      "properties": {
        "ligatures": "file-text, file",
        "name": "file-text",
        "order": 168,
        "id": 35,
        "prevSize": 32,
        "code": 59682
      },
      "setIdx": 0,
      "setId": 1,
      "iconIdx": 34
    },
    {
      "icon": {
        "paths": [
          "M917.806 229.076c-22.208-30.292-53.174-65.7-87.178-99.704s-69.412-64.964-99.704-87.178c-51.574-37.82-76.594-42.194-90.924-42.194h-496c-44.112 0-80 35.888-80 80v864c0 44.112 35.882 80 80 80h736c44.112 0 80-35.888 80-80v-624c0-14.332-4.372-39.35-42.194-90.924v0 0zM785.374 174.626c30.7 30.7 54.8 58.398 72.58 81.374h-153.954v-153.946c22.98 17.78 50.678 41.878 81.374 72.572v0 0zM896 944c0 8.672-7.328 16-16 16h-736c-8.672 0-16-7.328-16-16v-864c0-8.672 7.328-16 16-16 0 0 495.956-0.002 496 0v224c0 17.672 14.32 32 32 32h224v624z",
          "M256 512h320v320h-320v-320z",
          "M576 640l192-128v320l-192-128z"
        ],
        "tags": [
          "file-video",
          "file",
          "document",
          "file-camera"
        ],
        "defaultCode": 59690,
        "grid": 16,
        "attrs": []
      },
      "attrs": [],
      "properties": {
        "ligatures": "file-video, file8",
        "name": "file-video",
        "order": 164,
        "id": 43,
        "prevSize": 32,
        "code": 59690
      },
      "setIdx": 0,
      "setId": 1,
      "iconIdx": 42
    },
    {
      "icon": {
        "paths": [
          "M640 256v-256h-448l-192 192v576h384v256h640v-768h-384zM192 90.51v101.49h-101.49l101.49-101.49zM64 704v-448h192v-192h320v192l-192 192v256h-320zM576 346.51v101.49h-101.49l101.49-101.49zM960 960h-512v-448h192v-192h320v640z"
        ],
        "tags": [
          "copy",
          "duplicate",
          "files",
          "pages",
          "papers",
          "documents"
        ],
        "defaultCode": 59692,
        "grid": 16,
        "attrs": []
      },
      "attrs": [],
      "properties": {
        "ligatures": "copy, duplicate",
        "name": "copy",
        "order": 161,
        "id": 45,
        "prevSize": 32,
        "code": 59692
      },
      "setIdx": 0,
      "setId": 1,
      "iconIdx": 44
    },
    {
      "icon": {
        "paths": [
          "M704 128h-128v-64c0-35.2-28.8-64-64-64h-128c-35.204 0-64 28.8-64 64v64h-128v128h512v-128zM512 128h-128v-63.886c0.034-0.038 0.072-0.078 0.114-0.114h127.768c0.042 0.036 0.082 0.076 0.118 0.114v63.886zM832 320v-160c0-17.6-14.4-32-32-32h-64v64h32v128h-192l-192 192v256h-256v-576h32v-64h-64c-17.602 0-32 14.4-32 32v640c0 17.6 14.398 32 32 32h288v192h640v-704h-192zM576 410.51v101.49h-101.49l101.49-101.49zM960 960h-512v-384h192v-192h320v576z"
        ],
        "tags": [
          "paste",
          "clipboard-file"
        ],
        "defaultCode": 59693,
        "grid": 16,
        "attrs": []
      },
      "attrs": [],
      "properties": {
        "ligatures": "paste, clipboard-file",
        "name": "paste",
        "order": 154,
        "id": 46,
        "prevSize": 32,
        "code": 59693
      },
      "setIdx": 0,
      "setId": 1,
      "iconIdx": 45
    },
    {
      "icon": {
        "paths": [
          "M448 128l128 128h448v704h-1024v-832z"
        ],
        "tags": [
          "folder",
          "directory",
          "category",
          "browse"
        ],
        "defaultCode": 59695,
        "grid": 16,
        "attrs": []
      },
      "attrs": [],
      "properties": {
        "ligatures": "folder, directory",
        "name": "folder",
        "order": 158,
        "id": 48,
        "prevSize": 32,
        "code": 59695
      },
      "setIdx": 0,
      "setId": 1,
      "iconIdx": 47
    },
    {
      "icon": {
        "paths": [
          "M320 64h-256v256h256v-256zM384 0v0 384h-384v-384h384zM128 128h128v128h-128zM960 64h-256v256h256v-256zM1024 0v0 384h-384v-384h384zM768 128h128v128h-128zM320 704h-256v256h256v-256zM384 640v0 384h-384v-384h384zM128 768h128v128h-128zM448 0h64v64h-64zM512 64h64v64h-64zM448 128h64v64h-64zM512 192h64v64h-64zM448 256h64v64h-64zM512 320h64v64h-64zM448 384h64v64h-64zM448 512h64v64h-64zM512 576h64v64h-64zM448 640h64v64h-64zM512 704h64v64h-64zM448 768h64v64h-64zM512 832h64v64h-64zM448 896h64v64h-64zM512 960h64v64h-64zM960 512h64v64h-64zM64 512h64v64h-64zM128 448h64v64h-64zM0 448h64v64h-64zM256 448h64v64h-64zM320 512h64v64h-64zM384 448h64v64h-64zM576 512h64v64h-64zM640 448h64v64h-64zM704 512h64v64h-64zM768 448h64v64h-64zM832 512h64v64h-64zM896 448h64v64h-64zM960 640h64v64h-64zM576 640h64v64h-64zM640 576h64v64h-64zM704 640h64v64h-64zM832 640h64v64h-64zM896 576h64v64h-64zM960 768h64v64h-64zM576 768h64v64h-64zM640 704h64v64h-64zM768 704h64v64h-64zM832 768h64v64h-64zM896 704h64v64h-64zM960 896h64v64h-64zM640 832h64v64h-64zM704 896h64v64h-64zM768 832h64v64h-64zM832 896h64v64h-64zM640 960h64v64h-64zM768 960h64v64h-64zM896 960h64v64h-64z"
        ],
        "tags": [
          "qrcode"
        ],
        "defaultCode": 59704,
        "grid": 16,
        "attrs": []
      },
      "attrs": [],
      "properties": {
        "ligatures": "qrcode",
        "name": "qrcode",
        "order": 165,
        "id": 57,
        "prevSize": 32,
        "code": 59704
      },
      "setIdx": 0,
      "setId": 1,
      "iconIdx": 56
    },
    {
      "icon": {
        "paths": [
          "M480 64c-265.096 0-480 214.904-480 480 0 265.098 214.904 480 480 480 265.098 0 480-214.902 480-480 0-265.096-214.902-480-480-480zM480 928c-212.078 0-384-171.922-384-384s171.922-384 384-384c212.078 0 384 171.922 384 384s-171.922 384-384 384zM512 512v-128h128v-64h-128v-64h-64v64h-128v256h128v128h-128v64h128v64h64v-64h128.002l-0.002-256h-128zM448 512h-64v-128h64v128zM576.002 704h-64.002v-128h64.002v128z"
        ],
        "tags": [
          "coin-dollar",
          "money",
          "cash",
          "currency-dollar"
        ],
        "defaultCode": 59707,
        "grid": 16,
        "attrs": []
      },
      "attrs": [],
      "properties": {
        "ligatures": "coin-dollar, money",
        "name": "coin-dollar",
        "order": 159,
        "id": 60,
        "prevSize": 32,
        "code": 59707
      },
      "setIdx": 0,
      "setId": 1,
      "iconIdx": 59
    },
    {
      "icon": {
        "paths": [
          "M544 0l-96 96 96 96-224 256h-224l176 176-272 360.616v39.384h39.384l360.616-272 176 176v-224l256-224 96 96 96-96-480-480zM448 544l-64-64 224-224 64 64-224 224z"
        ],
        "tags": [
          "pushpin",
          "pin"
        ],
        "defaultCode": 59718,
        "grid": 16,
        "attrs": []
      },
      "attrs": [],
      "properties": {
        "ligatures": "pushpin, pin",
        "name": "pushpin",
        "order": 166,
        "id": 71,
        "prevSize": 32,
        "code": 59718
      },
      "setIdx": 0,
      "setId": 1,
      "iconIdx": 70
    },
    {
      "icon": {
        "paths": [
          "M512 0c-176.732 0-320 143.268-320 320 0 320 320 704 320 704s320-384 320-704c0-176.732-143.27-320-320-320zM512 512c-106.040 0-192-85.96-192-192s85.96-192 192-192 192 85.96 192 192-85.96 192-192 192z"
        ],
        "tags": [
          "location",
          "map-marker",
          "pin"
        ],
        "defaultCode": 59719,
        "grid": 16,
        "attrs": []
      },
      "attrs": [],
      "properties": {
        "ligatures": "location, map-marker",
        "name": "location",
        "order": 167,
        "id": 72,
        "prevSize": 32,
        "code": 59719
      },
      "setIdx": 0,
      "setId": 1,
      "iconIdx": 71
    }
  ],
  "height": 1024,
  "metadata": {
    "name": "icomoon"
  },
  "preferences": {
    "showGlyphs": true,
    "showQuickUse": true,
    "showQuickUse2": true,
    "showSVGs": true,
    "fontPref": {
      "prefix": "icon-",
      "metadata": {
        "fontFamily": "icomoon"
      },
      "metrics": {
        "emSize": 1024,
        "baseline": 6.25,
        "whitespace": 50
      },
      "embed": false
    },
    "imagePref": {
      "prefix": "icon-",
      "png": true,
      "useClassSelector": true,
      "color": 0,
      "bgColor": 16777215,
      "classSelector": ".icon"
    },
    "historySize": 100,
    "showCodes": true,
    "gridSize": 16,
    "showGrid": true
  }
}